{
    "camera_matrix": [
        [
            946.8246346627899,
            0.0,
            416.11084925030804
        ],
        [
            0.0,
            946.367073713961,
            259.5514477520451
        ],
        [
            0.0,
            0.0,
            1.0
        ]
    ],
    "dist_coeffs": [
        [
            -0.5115467468428673,
            0.7504891279046975,
            -0.0024543857425420304,
            -0.003108912988350728,
            -1.12195602179916
        ]
    ],
    "image_size": [
        640,
        480
    ],
    "reprojection_error": 0.3949119990633001
}